INSERT INTO member(social_provider, social_id, email, name, nationality, introduction, profile_image_url,
                   profile_complete, status, role, type)
VALUES ('GOOGLE', 'ID-MENTOR-1', 'mentor1@gmail.com', '김선아', 'KOREA',
        '안녕하세요. 중앙대 패션 디자인 학부 22학번 김선아에요! 한국어·영어 능통하게 소통 가능하며, 멘토로 여러분과 대학 생활 공유하고 즐겁게 지내고 싶어요.',
        'https://koddy-upload.s3.ap-northeast-2.amazonaws.com/dummy-user/mentor1.png',
        1, 'ACTIVE', 'MENTOR', 'MENTOR'),
       ('GOOGLE', 'ID-MENTOR-2', 'mentor2@gmail.com', '김지원', 'KOREA',
        '안녕하세요, 저는 김지원이라고 합니다. 컴퓨터 공학을 전공으로 공부하고 있는 학생이에요. 학교 글로벌 프로젝트에도 참여하고 있어 학교의 다양한 지원 정책을 알고 있어요',
        'https://koddy-upload.s3.ap-northeast-2.amazonaws.com/dummy-user/mentor2.png',
        1, 'ACTIVE', 'MENTOR', 'MENTOR'),
       ('GOOGLE', 'ID-MENTOR-3', 'mentor3@gmail.com', '이민주', 'KOREA',
        '안녕하세요! 저는 건축에 대한 열정으로 창의적인 아이디어와 디자인을 추구하고 있어요. 다양한 배경을 존중하며 소통하는 것을 중요하게 생각해 코띠 멘토로 여러분과 소중한 경험을 나누고 싶어요 🥰✨',
        'https://koddy-upload.s3.ap-northeast-2.amazonaws.com/dummy-user/mentor3.png',
        1, 'ACTIVE', 'MENTOR', 'MENTOR'),
       ('GOOGLE', 'ID-MENTOR-4', 'mentor4@gmail.com', '정민호', 'KOREA',
        '안녕하세요! 저는 국민대학교에서 시각디자인을 전공 중인 정민호라고 합니다. 코띠 멘토로 참여한 이유는 외국인 친구들과 소통하며 다양한 문화를 체험하고, 그 과정에서 친구들에게 대학 라이프 꿀팁도 나눠주고 싶어요. 같이 웃고 같이 고민하며, 멘토링 커피챗을 통해 새로운 우정을 만들었으면 좋겠어요! 언제든 제게 커피챗을 신청해주세요. 💪',
        'https://koddy-upload.s3.ap-northeast-2.amazonaws.com/dummy-user/mentor4.png',
        1, 'ACTIVE', 'MENTOR', 'MENTOR'),
       ('GOOGLE', 'ID-MENTOR-5', 'mentor5@gmail.com', '송지은', 'KOREA',
        '안녕하세요 서강대 새내기 송지은 입니다. 저희 학과나 학교에 궁금한 점이 있다면 편하게 커피챗 요청해주세요! 일본어를 쓸 기회가 없어서 일본어로 소통하면 너무 좋을 것 같아요~',
        'https://koddy-upload.s3.ap-northeast-2.amazonaws.com/dummy-user/mentor5.png',
        1, 'ACTIVE', 'MENTOR', 'MENTOR'),
       ('GOOGLE', 'ID-MENTOR-6', 'mentor6@gmail.com', '홍영호', 'KOREA',
        '동아시아의 다양한 문화와 역사에 관심을 가지고 있어, 학문을 통해 깊게 탐구하고 있어요. 코띠 멘토로 여러분과 문화 교류하며 소중한 경험을 나누고 함께 성장하고 싶어요.',
        'https://koddy-upload.s3.ap-northeast-2.amazonaws.com/dummy-user/mentor6.png',
        1, 'ACTIVE', 'MENTOR', 'MENTOR'),
       ('GOOGLE', 'ID-MENTOR-7', 'mentor7@gmail.com', '이지후', 'KOREA',
        '안녕하세요! 이지후에요. 저는 사회 현상을 이해하고 분석하는 것에 흥미를 느껴요. 다양한 경제 이슈에 관심을 가지며, 코띠 멘토로 여러분과 소통하며 현실적인 조언과 경제 지식을 공유하고 싶어요.',
        'https://koddy-upload.s3.ap-northeast-2.amazonaws.com/dummy-user/mentor7.png',
        1, 'ACTIVE', 'MENTOR', 'MENTOR'),
       ('GOOGLE', 'ID-MENTOR-8', 'mentor8@gmail.com', '조승민', 'KOREA',
        '안녕하세요. 저는 한양대 기계공학과에 다니고 있어요. 다양한 프로젝트와 도전을 통해 실무 경험을 쌓고, 이를 통해  여러분과 기술적인 이야기를 공유하며 함께 성장하고 싶어요.',
        'https://koddy-upload.s3.ap-northeast-2.amazonaws.com/dummy-user/mentor8.png',
        1, 'ACTIVE', 'MENTOR', 'MENTOR'),
       ('GOOGLE', 'ID-MENTOR-9', 'mentor9@gmail.com', '조승민', 'KOREA',
        '안녕하세요! 인하대학교 화학공학과 23학번 정소윤입니다. 실험과 연구를 통해 다양한 경험을 쌓아오면서, 코띠 멘토로 여러분과 화학 및 공학에 관한 이야기를 나누고 함께 성장하고 싶어요. 🧪🔬',
        'https://koddy-upload.s3.ap-northeast-2.amazonaws.com/dummy-user/mentor9.png',
        1, 'ACTIVE', 'MENTOR', 'MENTOR'),
       ('GOOGLE', 'ID-MENTOR-10', 'mentor10@gmail.com', '김은서', 'KOREA',
        '안녕하세요! 저는 한국어뿐만 아니라 영어와 일본어로 소통할 수 있어서 다양한 문화를 즐기며 비즈니스의 다양한 측면을 탐험하고 있어요. 여러분과 인사이트를 공유하고 의미 있는 경험을 함께 만들어 나갔으면 좋겠어요. ',
        'https://koddy-upload.s3.ap-northeast-2.amazonaws.com/dummy-user/mentor10.png',
        1, 'ACTIVE', 'MENTOR', 'MENTOR');

INSERT INTO mentor(id, school, major, entered_in, mentoring_start_date, mentoring_end_date, mentoring_time_unit,
                   school_mail, proof_data_upload_url, auth_status)
VALUES (11, '중앙대학교', '디자인학부(패션전공)', 22, '2024-01-01', '2025-12-31', 'HALF_HOUR',
        'mentor1@cau.ac.kr', NULL, 'SUCCESS'),
       (12, '연세대학교', '컴퓨터공학부', 23, '2024-01-01', '2025-12-31', 'HALF_HOUR',
        'mentor2@yonsei.ac.kr', NULL, 'SUCCESS'),
       (13, '세종대학교', '건축학과', 22, '2024-01-01', '2025-12-31', 'HALF_HOUR',
        'mentor3@sju.ac.kr', NULL, 'SUCCESS'),
       (14, '국민대학교', '시각디자인', 21, '2024-01-01', '2025-12-31', 'HALF_HOUR',
        'mentor4@kookmin.ac.kr', NULL, 'SUCCESS'),
       (15, '서강대학교', '심리학', 23, '2024-01-01', '2025-12-31', 'HALF_HOUR',
        'mentor5@sogang.ac.kr', NULL, 'SUCCESS'),
       (16, '중앙대학교', '동아시아문화학', 22, '2024-01-01', '2025-12-31', 'HALF_HOUR',
        'mentor6@cau.ac.kr', NULL, 'SUCCESS'),
       (17, '전남대학교', '경제학과', 23, '2024-01-01', '2025-12-31', 'HALF_HOUR',
        'mentor7@jnu.ac.kr', NULL, 'SUCCESS'),
       (18, '한양대학교', '기계공학과', 23, '2024-01-01', '2025-12-31', 'HALF_HOUR',
        'mentor8@hanyang.ac.kr', NULL, 'SUCCESS'),
       (19, '인하대학교', '화학공학과', 22, '2024-01-01', '2025-12-31', 'HALF_HOUR',
        'mentor9@inha.ac.kr', NULL, 'SUCCESS'),
       (20, '한국외국어대학교', '경영학과', 23, '2024-01-01', '2025-12-31', 'HALF_HOUR',
        'mentor10@hufs.ac.kr', NULL, 'SUCCESS');

INSERT INTO mentor_schedule(mentor_id, day_of_week, start_time, end_time)
VALUES (11, 'MON', '18:00:00', '23:59:59'),
       (11, 'WED', '18:00:00', '23:59:59'),
       (11, 'THU', '18:00:00', '23:59:59'),
       (12, 'WED', '18:00:00', '20:00:00'),
       (12, 'THU', '18:00:00', '20:00:00'),
       (13, 'SAT', '10:00:00', '22:00:00'),
       (13, 'SUN', '10:00:00', '22:00:00'),
       (14, 'TUE', '12:00:00', '13:00:00'),
       (14, 'WED', '12:00:00', '13:00:00'),
       (14, 'THU', '12:00:00', '13:00:00'),
       (14, 'SAT', '12:00:00', '13:00:00'),
       (15, 'SAT', '13:00:00', '15:00:00'),
       (15, 'SUN', '13:00:00', '15:00:00'),
       (16, 'FRI', '09:00:00', '13:00:00'),
       (16, 'SAT', '09:00:00', '13:00:00'),
       (16, 'SUN', '09:00:00', '13:00:00'),
       (17, 'MON', '11:00:00', '12:00:00'),
       (17, 'TUE', '11:00:00', '12:00:00'),
       (17, 'WED', '11:00:00', '12:00:00'),
       (17, 'THU', '11:00:00', '12:00:00'),
       (17, 'FRI', '11:00:00', '12:00:00'),
       (18, 'SAT', '09:00:00', '14:00:00'),
       (18, 'SUN', '09:00:00', '14:00:00'),
       (19, 'WED', '18:00:00', '22:00:00'),
       (19, 'FRI', '18:00:00', '22:00:00'),
       (19, 'SAT', '18:00:00', '22:00:00'),
       (20, 'TUE', '17:00:00', '19:00:00'),
       (20, 'SUN', '17:00:00', '19:00:00');
